{
  "lighting": {
    "mean": 0.5196823579072952,
    "std": 0.05133948618469603,
    "min": 0.3392537832260132,
    "max": 0.6440079212188721
  },
  "contrast": {
    "mean": 55.01837534882128,
    "std": 8.091452290167242,
    "min": 30.221898704767227,
    "max": 74.90922600030899
  },
  "noise": {
    "mean": 2369.6706968962912,
    "std": 1450.9444517457885,
    "min": 68.38425344505309,
    "max": 7831.106198111811
  },
  "blur": {
    "mean": 2369.6706968962912,
    "std": 1450.9444517457885,
    "min": 68.38425344505309,
    "max": 7831.106198111811
  },
  "entropy": {
    "mean": 7.811903477346595,
    "std": 0.08638377447402991,
    "min": 7.140723511940797,
    "max": 7.960937499999999
  },
  "background": {
    "mean_plant_ratio": 0.916535222439236,
    "std_plant_ratio": 0.0685216456833478
  }
}