{
  "lighting": {
    "mean": 0.5191159590383371,
    "std": 0.05177359996838197,
    "min": 0.35809531807899475,
    "max": 0.7650521993637085
  },
  "contrast": {
    "mean": 55.22153054572642,
    "std": 8.121608859442125,
    "min": 30.221898704767227,
    "max": 74.90922600030899
  },
  "noise": {
    "mean": 2383.4519344581104,
    "std": 1408.0355638607957,
    "min": 68.89300387569004,
    "max": 7888.103763065071
  },
  "blur": {
    "mean": 2383.4519344581104,
    "std": 1408.0355638607957,
    "min": 68.89300387569004,
    "max": 7888.103763065071
  },
  "entropy": {
    "mean": 7.8153669358803475,
    "std": 0.08107074085590102,
    "min": 7.224220173317786,
    "max": 7.968750000000001
  },
  "background": {
    "mean_plant_ratio": 0.9156641644965279,
    "std_plant_ratio": 0.0669357267304317
  }
}